case_id,date,time,time_period,day_night,road_name,direction,mileage,road_geometry,operation_scene,weather,event_type,case_scope,participant_types,vehicle_count,casualty,road_property_loss,cause_tags,disposal_tags,evidence_excerpt,image_asset_count,risk_level,risk_level_code,risk_basis,data_quality_flags,review_status
ACC-2025-001,2025/1/11,1:40,深夜,夜间,东南西环高速,东行,K40,主线,非施工/未见施工信息,晴,碰撞/侧碰/刮蹭,扩展道路安全事件,货车,2,无人员伤亡,有,原因未明确,通知/交警处置;通知/路政处置;上报值班室,,5,中,1,路产损失,文件夹名称与报告类型不一致/待核验;事故原因待核验;图片用途待选,部分核验
ACC-2025-002,2025/1/13,20:00,夜间,夜间,东南西环高速,未知,K36+800,主线,非施工/未见施工信息,晴,车辆火灾/冒烟,扩展道路安全事件,未知,1,无人员伤亡,无,车辆起火,通知/交警处置;通知/路政处置;消防处置;上报值班室,,3,中,1,车辆火灾/冒烟,文件夹名称与报告类型不一致/待核验;伤亡待核验;图片用途待选,部分核验
ACC-2025-003,2025/1/21,11:55,日间,白天,东南西环高速,未知,K36,主线,非施工/未见施工信息,晴,车辆火灾/冒烟,扩展道路安全事件,未知,1,无人员伤亡,无,车辆起火,通知/交警处置;通知/路政处置;消防处置;上报值班室,,4,中,1,车辆火灾/冒烟,文件夹名称与报告类型不一致/待核验;伤亡待核验;图片用途待选,部分核验
ACC-2025-004,2025/1/21,23:34,夜间,夜间,东南西环高速,北行,K23,匝道,非施工/未见施工信息,晴,侧翻/翻车,扩展单车/单体事故,未知,1,无人员伤亡,有,原因未明确,通知/交警处置;通知/路政处置;救援/拯救到场;上报值班室,,73,中,1,路产损失;侧翻/翻车,文件夹名称与报告类型不一致/待核验;事故原因待核验;图片用途待选,部分核验
ACC-2025-005,2025/1/22,0:11,深夜,夜间,东南西环高速,未知,K39,出入口广场,非施工/未见施工信息,晴,自撞,扩展单车/单体事故,未知,1,无人员伤亡,有,原因未明确,通知/交警处置;通知/路政处置;救援/拯救到场;上报值班室,,35,中,1,路产损失,文件夹名称与报告类型不一致/待核验;事故原因待核验;图片用途待选,部分核验
ACC-2025-006,2025/1/9,15:33,日间,白天,东南西环高速,南行,K34,匝道,非施工/未见施工信息,晴,货物脱落/撒漏,扩展道路安全事件,货车,1,无人员伤亡,有,侧翻失稳;驾驶操作不当,通知/交警处置;通知/路政处置;救援/拯救到场,,9,中,1,路产损失,文件夹名称与报告类型不一致/待核验;图片用途待选,部分核验
ACC-2025-007,2025/1/17,14:45,日间,白天,东南西环高速,西行,K49,主线,非施工/未见施工信息,晴,追尾,核心车车交互,未知,2,无人员伤亡,无,变道不当;追尾/跟驰冲突;侧翻失稳,通知/交警处置;通知/路政处置;救援/拯救到场;车辆拖离;车辆扶正;上报值班室,,4,低,0,未触发中高风险规则,图片用途待选,部分核验
ACC-2025-008,2025/1/23,18:27,晚高峰,夜间,东南西环高速,东行,K46+300,主线,非施工/未见施工信息,晴,追尾,核心车车交互,小客车;摩托车,3,有人受伤（人数待核验）,无,变道不当;追尾/跟驰冲突,通知/交警处置;通知/路政处置;救援/拯救到场;医疗救援;车道封闭/交通管制;上报值班室,,22,高,2,人员伤亡;车辆数不少于3,图片用途待选,部分核验
ACC-2025-009,2025/2/12,2:59,深夜,夜间,东南西环高速,未知,K39,出入口广场,非施工/未见施工信息,晴,自撞,扩展单车/单体事故,小客车,1,无人员伤亡,未知,原因未明确,通知/交警处置;通知/路政处置;救援/拯救到场;车辆拖离;上报值班室,,9,低,0,未触发中高风险规则,文件夹名称与报告类型不一致/待核验;事故原因待核验;图片用途待选,部分核验
ACC-2025-010,2025/2/15,17:46,晚高峰,白天,东南西环高速,东行,K44+800,主线,非施工/未见施工信息,晴,车辆火灾/冒烟,扩展道路安全事件,小客车,1,无人员伤亡,无,车辆起火,通知/交警处置;通知/路政处置;救援/拯救到场;车辆拖离;消防处置;恢复通行;上报值班室,,2,中,1,车辆火灾/冒烟,图片用途待选,部分核验
ACC-2025-011,2025/2/15,22:25,夜间,夜间,东南西环高速,西行,K43+840,主线,非施工/未见施工信息,晴,侧翻/翻车,扩展单车/单体事故,货车,1,无人员伤亡,无,变道不当;侧翻失稳;驾驶操作不当,通知/交警处置;通知/路政处置;救援/拯救到场;车辆拖离;现场警示/安全布控;上报值班室,,11,中,1,侧翻/翻车,图片用途待选,部分核验
ACC-2025-012,2025/2/16,9:19,早高峰,白天,东南西环高速,北行,K27,隧道,非施工/未见施工信息,晴,侧翻/翻车,扩展单车/单体事故,小客车,1,有人受伤（人数待核验）,有,侧翻失稳,通知/交警处置;通知/路政处置;救援/拯救到场;医疗救援;车辆拖离;车辆扶正;恢复通行;上报值班室,,7,高,2,人员伤亡;路产损失;侧翻/翻车,图片用途待选,部分核验
ACC-2025-013,2025/2/27,23:25,夜间,夜间,东南西环高速,西行,K35+500,主线,非施工/未见施工信息,晴,追尾,核心车车交互,小客车;货车,2,有人受伤（人数待核验）,无,追尾/跟驰冲突,通知/交警处置;通知/路政处置;救援/拯救到场;车辆拖离,,5,高,2,人员伤亡,伤亡待核验;图片用途待选,部分核验
ACC-2025-014,2025/3/10,22:05,夜间,夜间,东南西环高速,西行,K44,主线,非施工/未见施工信息,晴,追尾,核心车车交互,未知,2,有人受伤（人数待核验）,无,驾驶操作不当,通知/交警处置;通知/路政处置;救援/拯救到场;医疗救援;车辆拖离;上报值班室,,10,高,2,人员伤亡,图片用途待选,部分核验
ACC-2025-015,2025/3/7,5:09,清晨,夜间,东南西环高速,南行,K57,匝道,非施工/未见施工信息,未知,自撞,扩展单车/单体事故,小客车,1,无人员伤亡,有,原因未明确,通知/路政处置;车辆拖离;上报值班室,,10,中,1,路产损失,事故原因待核验;图片用途待选,部分核验
ACC-2025-016,2025/3/8,2:50,深夜,夜间,东南西环高速,东行,K32+700,主线,非施工/未见施工信息,晴,追尾,核心车车交互,货车,2,有人受伤（人数待核验）,无,追尾/跟驰冲突,通知/交警处置;通知/路政处置;救援/拯救到场;车辆拖离;消防处置;车道封闭/交通管制;上报值班室,,15,高,2,人员伤亡,文件夹名称与报告类型不一致/待核验;图片用途待选,部分核验
ACC-2025-017,2025/3/30,12:20,日间,白天,东南西环高速,西行,K51+500,主线,非施工/未见施工信息,晴,追尾,核心车车交互,小客车,3,有人受伤（人数待核验）,无,追尾/跟驰冲突,通知/交警处置;通知/路政处置;救援/拯救到场;医疗救援;车辆拖离;上报值班室,,3,高,2,人员伤亡;车辆数不少于3,伤亡待核验;图片用途待选,部分核验
ACC-2025-019,2025/3/21,2:40,深夜,夜间,东南西环高速,东行,K32+700,主线,非施工/未见施工信息,晴,侧翻/翻车,扩展单车/单体事故,货车,1,无人员伤亡,无,原因未明确,通知/交警处置;通知/路政处置;救援/拯救到场;车辆拖离;车辆扶正;现场警示/安全布控;上报值班室,,11,中,1,侧翻/翻车,文件夹名称与报告类型不一致/待核验;事故原因待核验;图片用途待选,部分核验
ACC-2025-022,2025/4/26,5:40,清晨,夜间,未知,北行,K51+100,主线,非施工/未见施工信息,晴,自撞,扩展单车/单体事故,货车,1,无人员伤亡,有,原因未明确,通知/交警处置;通知/路政处置;救援/拯救到场;车辆拖离;现场警示/安全布控;上报值班室,,5,中,1,路产损失,事故原因待核验;图片用途待选,部分核验
ACC-2025-025,2025/4/5,20:48,夜间,夜间,东南西环高速,东行,K47+250,主线,非施工/未见施工信息,晴,车辆火灾/冒烟,扩展道路安全事件,小客车,1,无人员伤亡,无,车辆起火,通知/交警处置;通知/路政处置;救援/拯救到场;车辆拖离;消防处置;车道封闭/交通管制;清理货物/障碍;上报值班室,,7,中,1,车辆火灾/冒烟,图片用途待选,部分核验
ACC-2025-026,2025/5/11,4:34,深夜,夜间,东南西环高速,东行,K37+950,主线,非施工/未见施工信息,降雨,自撞,扩展单车/单体事故,货车,1,无人员伤亡,无,原因未明确,通知/交警处置;通知/路政处置;救援/拯救到场;车辆拖离;上报值班室,,9,低,0,未触发中高风险规则,事故原因待核验;图片用途待选,部分核验
ACC-2025-027,2025/5/13,4:59,深夜,夜间,东南西环高速,东行,K33+500,主线,非施工/未见施工信息,晴,追尾,核心车车交互,货车,3,有人受伤（人数待核验）,无,原因未明确,通知/交警处置;通知/路政处置;救援/拯救到场;医疗救援;车辆拖离;消防处置;上报值班室,,14,高,2,人员伤亡;车辆数不少于3,伤亡待核验;事故原因待核验;图片用途待选,部分核验
ACC-2025-029,2025/5/1,23:38,夜间,夜间,未知,东行,K31+800,主线,非施工/未见施工信息,晴,自撞,扩展单车/单体事故,电动自行车,1,有人受伤（人数待核验）,无,原因未明确,通知/交警处置;通知/路政处置;救援/拯救到场;医疗救援;上报值班室,,8,高,2,人员伤亡,事故原因待核验;图片用途待选,部分核验
ACC-2025-030,2025/5/31,4:52,深夜,夜间,东南西环高速,西行,K30+850,主线,非施工/未见施工信息,晴,侧翻/翻车,扩展单车/单体事故,未知,1,无人员伤亡,无,原因未明确,通知/交警处置;通知/路政处置;救援/拯救到场;医疗救援;车辆拖离;上报值班室,,8,中,1,侧翻/翻车,伤亡待核验;事故原因待核验;图片用途待选,部分核验
ACC-2025-031,2025/5/5,9:58,早高峰,白天,未知,未知,K47,出入口广场,非施工/未见施工信息,晴,自撞,扩展单车/单体事故,货车,1,无人员伤亡,未知,原因未明确,通知/交警处置;通知/路政处置;救援/拯救到场;车辆拖离;车辆扶正,,8,低,0,未触发中高风险规则,事故原因待核验;图片用途待选,部分核验
ACC-2025-032,2025/5/8,22:21,夜间,夜间,东南西环高速,南行,K27+600,主线,非施工/未见施工信息,晴,追尾,核心车车交互,小客车;货车,2,无人员伤亡,无,追尾/跟驰冲突,通知/交警处置;通知/路政处置;救援/拯救到场;医疗救援;车辆拖离,,4,低,0,未触发中高风险规则,文件夹名称与报告类型不一致/待核验;图片用途待选,部分核验
ACC-2025-033,2025/6/11,2:37,深夜,夜间,东南西环高速,西行,K43+800,主线,非施工/未见施工信息,晴,碰撞/侧碰/刮蹭,扩展道路安全事件,货车,2,无人员伤亡,有,原因未明确,通知/交警处置;通知/路政处置;上报值班室,,4,中,1,路产损失,文件夹名称与报告类型不一致/待核验;事故原因待核验;图片用途待选,部分核验
ACC-2025-034,2025/6/17,11:19,日间,白天,东南西环高速,北行,K27+600,主线,非施工/未见施工信息,未知,侧翻/翻车,扩展单车/单体事故,小客车;货车,1,无人员伤亡,无,原因未明确,通知/交警处置;通知/路政处置;救援/拯救到场;车辆拖离;车辆扶正;车道封闭/交通管制,,5,中,1,侧翻/翻车,事故原因待核验;图片用途待选,部分核验
ACC-2025-035,2025/6/1,4:52,深夜,夜间,东南西环高速,西行,K30+850,主线,非施工/未见施工信息,晴,侧翻/翻车,扩展单车/单体事故,未知,1,未知,无,原因未明确,通知/交警处置;通知/路政处置;救援/拯救到场;医疗救援;车辆拖离;上报值班室,,8,中,1,侧翻/翻车,伤亡待核验;事故原因待核验;图片用途待选,部分核验
ACC-2025-036,2025/6/21,1:06,深夜,夜间,东南西环高速,西行,K36+700,主线,非施工/未见施工信息,晴,追尾,核心车车交互,小客车;货车,2,无人员伤亡,无,追尾/跟驰冲突,通知/交警处置;通知/路政处置;救援/拯救到场;医疗救援;车辆拖离;上报值班室,,17,低,0,未触发中高风险规则,图片用途待选,部分核验
ACC-2025-037,2025/6/27,4:58,深夜,夜间,东南西环高速,西行,K38+500,主线,施工/作业区,晴,追尾,核心车车交互,货车;防撞车,2,有人受伤（人数待核验）,无,追尾/跟驰冲突;驾驶操作不当,通知/交警处置;通知/路政处置;救援/拯救到场;医疗救援;车辆拖离;上报值班室,,5,高,2,人员伤亡,文件夹名称与报告类型不一致/待核验;图片用途待选,部分核验
ACC-2025-038,2025/6/2,0:38,深夜,夜间,东南西环高速,北行,K29,隧道,非施工/未见施工信息,晴,碰撞/侧碰/刮蹭,核心车车交互,小客车;货车,2,无人员伤亡,有,原因未明确,通知/交警处置;通知/路政处置;救援/拯救到场;车辆拖离;现场警示/安全布控;上报值班室,,3,中,1,路产损失,事故原因待核验;图片用途待选,部分核验
ACC-2025-040,2025/6/19,0:06,深夜,夜间,东南西环高速,西行,K34+500,主线,非施工/未见施工信息,晴,追尾,核心车车交互,货车,2,有人受伤（人数待核验）,无,追尾/跟驰冲突,通知/交警处置;通知/路政处置;救援/拯救到场;医疗救援;车辆拖离;消防处置;上报值班室,,8,高,2,人员伤亡,图片用途待选,部分核验
ACC-2025-042,2025/6/21,23:27,夜间,夜间,东南西环高速,西行,K35+700,主线,非施工/未见施工信息,晴,碰撞/侧碰/刮蹭,扩展道路安全事件,小客车;电动自行车,2,无人员伤亡,无,原因未明确,通知/交警处置;通知/路政处置;救援/拯救到场;医疗救援;上报值班室,,6,低,0,未触发中高风险规则,文件夹名称与报告类型不一致/待核验;事故原因待核验;图片用途待选,部分核验
ACC-2025-043,2025/7/16,1:51,深夜,夜间,东南西环高速,西行,K42+800,主线,非施工/未见施工信息,晴,侧翻/翻车,扩展单车/单体事故,货车,1,无人员伤亡,无,驾驶操作不当,通知/交警处置;通知/路政处置;救援/拯救到场;车辆拖离;消防处置;清理货物/障碍;上报值班室,,6,中,1,侧翻/翻车,图片用途待选,部分核验
ACC-2025-044,2025/7/5,16:26,日间,白天,东南西环高速,西行,K32+700,主线,非施工/未见施工信息,降雨,侧翻/翻车,扩展单车/单体事故,货车,1,无人员伤亡,有,原因未明确,通知/交警处置;通知/路政处置;救援/拯救到场;车辆拖离;车辆扶正;现场警示/安全布控;恢复通行,,1,中,1,路产损失;侧翻/翻车,事故原因待核验;图片用途待选,部分核验
ACC-2025-045,2025/7/6,19:31,晚高峰,夜间,东南西环高速,未知,K45+500,桥梁,非施工/未见施工信息,晴,自撞,扩展单车/单体事故,未知,1,无人员伤亡,有,原因未明确,通知/交警处置;通知/路政处置;救援/拯救到场;现场警示/安全布控;上报值班室,,11,中,1,路产损失,事故原因待核验;图片用途待选,部分核验
ACC-2025-047,2025/7/18,9:50,早高峰,白天,东南西环高速,西行,K48+220,主线,非施工/未见施工信息,晴,车辆火灾/冒烟,扩展道路安全事件,货车,2,无人员伤亡,无,车辆起火,通知/交警处置;通知/路政处置;救援/拯救到场;车辆拖离;消防处置;车道封闭/交通管制;清理货物/障碍;上报值班室,,11,中,1,车辆火灾/冒烟,图片用途待选,部分核验
ACC-2025-048,2025/7/24,18:43,晚高峰,夜间,东南西环高速,西行,K39+800,主线,非施工/未见施工信息,晴,追尾,核心车车交互,小客车,3,未知,无,驾驶操作不当,通知/交警处置;通知/路政处置;救援/拯救到场;医疗救援;车辆拖离;上报值班室,,7,中,1,车辆数不少于3,伤亡待核验;图片用途待选,部分核验
ACC-2025-049,2025/7/26,23:09,夜间,夜间,东南西环高速,北行,K28+300,主线,非施工/未见施工信息,晴,追尾,核心车车交互,小客车,3,无人员伤亡,无,驾驶操作不当,通知/交警处置;救援/拯救到场;医疗救援;现场警示/安全布控;上报值班室,,10,中,1,车辆数不少于3,图片用途待选,部分核验
ACC-2025-051,2025/7/31,17:44,晚高峰,白天,东南西环高速,西行,K40,主线,非施工/未见施工信息,晴,追尾,核心车车交互,小客车,2,未知,无,追尾/跟驰冲突,通知/交警处置;救援/拯救到场;医疗救援;车辆拖离;上报值班室,,11,低,0,未触发中高风险规则,伤亡待核验;图片用途待选,部分核验
ACC-2025-053,2025/8/12,19:38,晚高峰,夜间,东南西环高速,北行,K59+250,主线,非施工/未见施工信息,晴,碰撞/侧碰/刮蹭,扩展道路安全事件,小客车;摩托车,2,未知,无,变道不当;非机动车/行人相关,通知/交警处置;通知/路政处置;救援/拯救到场;医疗救援;车辆拖离;上报值班室,,13,低,0,未触发中高风险规则,伤亡待核验;图片用途待选,部分核验
ACC-2025-055,2025/8/14,5:20,清晨,夜间,东南西环高速,南行,K26,主线,施工/作业区,晴,追尾,核心车车交互,小客车;工程/施工车辆;防撞车,2,无人员伤亡,无,原因未明确,通知/交警处置;通知/路政处置;救援/拯救到场;车辆拖离;现场警示/安全布控;上报值班室,,9,低,0,未触发中高风险规则,事故原因待核验;图片用途待选,部分核验
ACC-2025-056,2025/8/17,1:36,深夜,夜间,东南西环高速,北行,K26+400,匝道,非施工/未见施工信息,晴,自撞,扩展单车/单体事故,货车,1,无人员伤亡,有,原因未明确,通知/交警处置;通知/路政处置;救援/拯救到场;上报值班室,,12,中,1,路产损失,事故原因待核验;图片用途待选,部分核验
ACC-2025-057,2025/8/17,0:41,深夜,夜间,东南西环高速,南行,K29+200,主线,非施工/未见施工信息,晴,碰撞/侧碰/刮蹭,扩展道路安全事件,小客车;摩托车,2,未知,无,变道不当;非机动车/行人相关,通知/交警处置;通知/路政处置;救援/拯救到场;医疗救援;车辆拖离;上报值班室,,9,低,0,未触发中高风险规则,伤亡待核验;图片用途待选,部分核验
ACC-2025-059,2025/8/21,10:31,日间,白天,东南西环高速,西行,K42+700,主线,非施工/未见施工信息,晴,追尾,核心车车交互,小客车,2,未知,无,追尾/跟驰冲突,通知/交警处置;通知/路政处置;救援/拯救到场;医疗救援;上报值班室,,8,低,0,未触发中高风险规则,伤亡待核验;图片用途待选,部分核验
ACC-2025-060,2025/8/24,15:19,日间,白天,东南西环高速,南行,K28,主线,非施工/未见施工信息,晴,追尾,核心车车交互,小客车,2,未知,无,追尾/跟驰冲突,通知/交警处置;通知/路政处置;救援/拯救到场;医疗救援;上报值班室,,4,低,0,未触发中高风险规则,伤亡待核验;图片用途待选,部分核验
ACC-2025-063,2025/8/31,17:21,晚高峰,白天,东南西环高速,东行,K46+700,主线,非施工/未见施工信息,晴,追尾,核心车车交互,小客车,2,未知,无,追尾/跟驰冲突,通知/交警处置;通知/路政处置;救援/拯救到场;医疗救援;车辆拖离;上报值班室,,11,低,0,未触发中高风险规则,伤亡待核验;图片用途待选,部分核验
ACC-2025-065,2025/8/21,16:30,日间,白天,东南西环高速,西行,K29+900,主线,非施工/未见施工信息,晴,追尾,核心车车交互,小客车,2,有人受伤（人数待核验）,无,追尾/跟驰冲突,通知/交警处置;通知/路政处置;救援/拯救到场;上报值班室,,5,高,2,人员伤亡,图片用途待选,部分核验
ACC-2025-066,2025/8/2,21:37,夜间,夜间,东南西环高速,东行,K46+300,主线,非施工/未见施工信息,阴,碰撞/侧碰/刮蹭,核心车车交互,小客车,2,未知,无,驾驶操作不当,通知/交警处置;通知/路政处置;救援/拯救到场;医疗救援;车辆拖离;上报值班室,,19,低,0,未触发中高风险规则,伤亡待核验;图片用途待选,部分核验
ACC-2025-067,2025/8/7,3:23,深夜,夜间,东南西环高速,东行,K47,匝道,非施工/未见施工信息,晴,侧翻/翻车,扩展单车/单体事故,货车,1,无人员伤亡,有,侧翻失稳;驾驶操作不当,通知/交警处置;通知/路政处置;救援/拯救到场;车辆拖离;车辆扶正;车道封闭/交通管制;上报值班室,,11,中,1,路产损失;侧翻/翻车,图片用途待选,部分核验
ACC-2025-068,2025/8/8,23:23,夜间,夜间,东南西环高速,北行,K52+700,主线,非施工/未见施工信息,晴,车辆火灾/冒烟,扩展道路安全事件,货车,1,无人员伤亡,无,车辆起火,通知/交警处置;通知/路政处置;救援/拯救到场;车辆拖离;消防处置;现场警示/安全布控;上报值班室,,5,中,1,车辆火灾/冒烟,图片用途待选,部分核验
ACC-2025-070,2025/9/22,10:02,日间,白天,东南西环高速,西行,K47+700,主线,非施工/未见施工信息,晴,侧翻/翻车,扩展单车/单体事故,小客车,1,无人员伤亡,无,超速/速度过快;追尾/跟驰冲突;侧翻失稳;驾驶操作不当,通知/交警处置;通知/路政处置;救援/拯救到场;车辆拖离;车辆扶正;车道封闭/交通管制;恢复通行;上报值班室,,7,中,1,侧翻/翻车,图片用途待选,部分核验
ACC-2025-071,2025/9/4,23:28,夜间,夜间,东南西环高速,南行,K54+700,主线,非施工/未见施工信息,晴,追尾,核心车车交互,摩托车,2,未知,无,变道不当;追尾/跟驰冲突;非机动车/行人相关,通知/交警处置;通知/路政处置;救援/拯救到场;医疗救援;车辆拖离;现场警示/安全布控,,5,低,0,未触发中高风险规则,伤亡待核验;图片用途待选,部分核验
ACC-2025-072,2025/9/6,1:17,深夜,夜间,东南西环高速,南行,K29+400,主线,非施工/未见施工信息,晴,侧翻/翻车,扩展单车/单体事故,货车,1,无人员伤亡,无,侧翻失稳;驾驶操作不当,通知/交警处置;通知/路政处置;救援/拯救到场;车辆拖离;现场警示/安全布控;上报值班室,,5,中,1,侧翻/翻车,图片用途待选,部分核验
ACC-2025-073,2025/9/7,22:56,夜间,夜间,东南西环高速,西行,K36+100,主线,非施工/未见施工信息,晴,追尾,核心车车交互,未知,4,未知,无,追尾/跟驰冲突,通知/交警处置;通知/路政处置;救援/拯救到场;医疗救援;车辆拖离;上报值班室,,13,中,1,车辆数不少于3,伤亡待核验;图片用途待选,部分核验
ACC-2025-075,2025/10/10,10:58,日间,白天,东南西环高速,东行,K39+880,主线,非施工/未见施工信息,晴,侧翻/翻车,扩展单车/单体事故,货车,1,无人员伤亡,无,变道不当;侧翻失稳,通知/交警处置;通知/路政处置;救援/拯救到场;车辆拖离;车辆扶正;现场警示/安全布控;恢复通行,,7,中,1,侧翻/翻车,图片用途待选,部分核验
ACC-2025-077,2025/10/22,1:38,深夜,夜间,东南西环高速,东行,K33+600,主线,非施工/未见施工信息,晴,追尾,核心车车交互,货车,2,未知,无,原因未明确,通知/交警处置;通知/路政处置;救援/拯救到场;医疗救援;车辆拖离;消防处置;车道封闭/交通管制;清理货物/障碍;上报值班室,,19,低,0,未触发中高风险规则,伤亡待核验;事故原因待核验;图片用途待选,部分核验
ACC-2025-080,2025/10/28,17:13,晚高峰,白天,东南西环高速,未知,K31,匝道,非施工/未见施工信息,晴,车辆火灾/冒烟,扩展道路安全事件,货车,1,无人员伤亡,有,车辆起火,通知/交警处置;通知/路政处置;救援/拯救到场;车辆拖离;消防处置;上报值班室,,9,中,1,路产损失;车辆火灾/冒烟,图片用途待选,部分核验
ACC-2025-081,2025/10/2,22:41,夜间,夜间,东南西环高速,西行,K35+800,主线,非施工/未见施工信息,晴,车辆火灾/冒烟,扩展道路安全事件,小客车,1,无人员伤亡,无,车辆起火,通知/交警处置;通知/路政处置;救援/拯救到场;车辆拖离;消防处置;清理货物/障碍;上报值班室,,15,中,1,车辆火灾/冒烟,图片用途待选,部分核验
ACC-2025-082,2025/10/3,6:29,清晨,白天,东南西环高速,西行,K31,主线,非施工/未见施工信息,晴,车辆火灾/冒烟,扩展道路安全事件,货车,1,无人员伤亡,无,车辆起火,通知/交警处置;通知/路政处置;救援/拯救到场;车辆拖离;消防处置;现场警示/安全布控;上报值班室,,10,中,1,车辆火灾/冒烟,图片用途待选,部分核验
ACC-2025-083,2025/10/5,2:08,深夜,夜间,东南西环高速,东行,K39,主线,非施工/未见施工信息,晴,车辆火灾/冒烟,扩展道路安全事件,电动自行车,1,无人员伤亡,有,车辆起火,通知/交警处置;通知/路政处置;消防处置;清理货物/障碍;上报值班室,,8,中,1,路产损失;车辆火灾/冒烟,图片用途待选,部分核验
ACC-2025-086,2025/11/17,22:33,夜间,夜间,东南西环高速,西行,K51+800,主线,非施工/未见施工信息,晴,车辆火灾/冒烟,扩展道路安全事件,小客车,1,无人员伤亡,无,车辆起火,通知/交警处置;通知/路政处置;救援/拯救到场;车辆拖离;消防处置;上报值班室,,7,中,1,车辆火灾/冒烟,图片用途待选,部分核验
ACC-2025-088,2025/11/21,17:45,晚高峰,白天,东南西环高速,北行,K24+600,主线,非施工/未见施工信息,晴,车辆火灾/冒烟,扩展道路安全事件,小客车,1,无人员伤亡,无,车辆起火,通知/交警处置;通知/路政处置;救援/拯救到场;车辆拖离;消防处置;交通疏导,,9,中,1,车辆火灾/冒烟,图片用途待选,部分核验
ACC-2025-089,2025/11/21,22:47,夜间,夜间,东南西环高速,西行,K41+500,主线,非施工/未见施工信息,晴,倒地/摔倒,扩展单车/单体事故,电动自行车,1,未知,无,驾驶操作不当;非机动车/行人相关,通知/交警处置;通知/路政处置;救援/拯救到场;医疗救援;车辆拖离;上报值班室,,17,中,1,倒地/摔倒,伤亡待核验;图片用途待选,部分核验
ACC-2025-090,2025/11/23,4:44,深夜,夜间,东南西环高速,西行,K38+800,主线,非施工/未见施工信息,晴,追尾,核心车车交互,货车,2,未知,无,追尾/跟驰冲突,通知/交警处置;通知/路政处置;救援/拯救到场;医疗救援;车辆拖离;清理货物/障碍;上报值班室,,7,低,0,未触发中高风险规则,伤亡待核验;图片用途待选,部分核验
ACC-2025-096,2025/12/21,16:05,日间,白天,东南西环高速,东行,K32+700,主线,非施工/未见施工信息,晴,侧翻/翻车,扩展单车/单体事故,货车,1,无人员伤亡,无,变道不当;侧翻失稳;驾驶操作不当,通知/交警处置;通知/路政处置;救援/拯救到场;车辆拖离;车辆扶正;清理货物/障碍;上报值班室,,4,中,1,侧翻/翻车,图片用途待选,部分核验
ACC-2025-097,2025/12/21,6:41,清晨,白天,东南西环高速,南行,K28+900,主线,非施工/未见施工信息,晴,侧翻/翻车,扩展单车/单体事故,货车,1,无人员伤亡,无,侧翻失稳;驾驶操作不当,通知/交警处置;通知/路政处置;救援/拯救到场;车辆扶正;清理货物/障碍;上报值班室,,9,中,1,侧翻/翻车,图片用途待选,部分核验
ACC-2025-099,2025/12/10,12:47,日间,白天,东南西环高速,北行,K55,主线,非施工/未见施工信息,晴,侧翻/翻车,扩展单车/单体事故,小客车;货车,1,无人员伤亡,无,侧翻失稳,通知/交警处置;通知/路政处置;救援/拯救到场;车辆拖离;车辆扶正;上报值班室,,15,中,1,侧翻/翻车,图片用途待选,部分核验
ACC-2025-100,2025/12/15,6:06,清晨,白天,东南西环高速,西行,K41+800,主线,非施工/未见施工信息,晴,倒地/摔倒,扩展单车/单体事故,电动自行车,1,未知,无,驾驶操作不当;非机动车/行人相关,通知/交警处置;通知/路政处置;救援/拯救到场;医疗救援;车辆拖离;上报值班室,,8,中,1,倒地/摔倒,伤亡待核验;图片用途待选,部分核验
ACC-2025-102,2025/12/27,16:12,日间,白天,东南西环高速,西行,K42+900,主线,非施工/未见施工信息,晴,追尾,核心车车交互,货车,2,未知,无,追尾/跟驰冲突,通知/交警处置;通知/路政处置;救援/拯救到场;医疗救援;车辆拖离;消防处置;上报值班室,,6,低,0,未触发中高风险规则,伤亡待核验;图片用途待选,部分核验
ACC-2025-103,2025/12/31,1:05,深夜,夜间,东南西环高速,西行,K42+900,主线,非施工/未见施工信息,晴,车辆火灾/冒烟,扩展道路安全事件,货车,1,无人员伤亡,有,车辆起火,通知/交警处置;通知/路政处置;救援/拯救到场;车辆拖离;消防处置;车道封闭/交通管制;交通疏导;清理货物/障碍;上报值班室,,15,中,1,路产损失;车辆火灾/冒烟,图片用途待选,部分核验
ACC-2026-002,2026/1/23,0:05,深夜,夜间,东南西环高速,北行,K54+200,主线,施工/作业区,晴,追尾,核心车车交互,小客车;防撞车,2,无人员伤亡,无,追尾/跟驰冲突;施工/作业风险,通知/交警处置;通知/路政处置;救援/拯救到场;医疗救援;车辆拖离;现场警示/安全布控;清理货物/障碍;上报值班室,,12,低,0,未触发中高风险规则,图片用途待选,部分核验
ACC-2026-003,2026/1/27,14:44,日间,白天,东南西环高速,东行,K29+600,主线,非施工/未见施工信息,晴,追尾,核心车车交互,未知,3,未知,无,追尾/跟驰冲突,通知/交警处置;通知/路政处置;救援/拯救到场;医疗救援;车辆拖离;上报值班室,,13,中,1,车辆数不少于3,伤亡待核验;图片用途待选,部分核验
ACC-2026-004,2026/1/27,9:00,早高峰,白天,东南西环高速,西行,K44+900,主线,非施工/未见施工信息,晴,驾驶员健康事件,扩展道路安全事件,未知,1,未知,无,驾驶员身体不适,通知/交警处置;通知/路政处置;救援/拯救到场;医疗救援;上报值班室,,4,高,2,驾驶员健康事件,伤亡待核验;图片用途待选,部分核验
ACC-2026-005,2026/1/29,14:27,日间,白天,东南西环高速,西行,K36+250,主线,非施工/未见施工信息,晴,追尾,核心车车交互,货车,2,未知,无,追尾/跟驰冲突,通知/交警处置;通知/路政处置;救援/拯救到场;医疗救援;车辆拖离;消防处置;上报值班室,,12,低,0,未触发中高风险规则,伤亡待核验;图片用途待选,部分核验
ACC-2026-006,2026/1/2,4:19,深夜,夜间,东南西环高速,西行,K51+900,主线,非施工/未见施工信息,晴,追尾,核心车车交互,货车,2,未知,无,追尾/跟驰冲突,通知/交警处置;通知/路政处置;救援/拯救到场;医疗救援;车辆拖离;上报值班室,,24,低,0,未触发中高风险规则,伤亡待核验;图片用途待选,部分核验
ACC-2026-007,2026/1/6,23:50,夜间,夜间,东南西环高速,南行,K29,匝道,非施工/未见施工信息,晴,倒地/摔倒,扩展单车/单体事故,电动自行车,1,未知,无,驾驶操作不当;非机动车/行人相关,通知/交警处置;通知/路政处置;医疗救援;车辆拖离;上报值班室,,6,中,1,倒地/摔倒,伤亡待核验;图片用途待选,部分核验
ACC-2026-008,2026/2/13,18:44,晚高峰,夜间,东南西环高速,西行,K47,匝道,非施工/未见施工信息,晴,倒地/摔倒,扩展单车/单体事故,行人,1,未知,无,非机动车/行人相关,通知/交警处置;通知/路政处置;救援/拯救到场;上报值班室,,11,中,1,倒地/摔倒,伤亡待核验;图片用途待选,部分核验
ACC-2026-012,2026/2/28,8:48,早高峰,白天,东南西环高速,北行,K54+900,主线,非施工/未见施工信息,降雨,追尾,核心车车交互,小客车,2,有人受伤（人数待核验）,无,追尾/跟驰冲突,通知/交警处置;通知/路政处置;救援/拯救到场;医疗救援;车辆拖离;上报值班室,,7,高,2,人员伤亡,图片用途待选,部分核验
ACC-2026-015,2026/3/10,4:58,深夜,夜间,东南西环高速,西行,K48+300,主线,非施工/未见施工信息,未知,自撞,扩展单车/单体事故,电动自行车,1,未知,无,驾驶操作不当;非机动车/行人相关,通知/交警处置;通知/路政处置;救援/拯救到场;医疗救援;车辆拖离;上报值班室,,6,低,0,未触发中高风险规则,伤亡待核验;图片用途待选,部分核验
ACC-2026-016,2026/3/12,3:29,深夜,夜间,东南西环高速,南行,K51+100,主线,非施工/未见施工信息,晴,追尾,核心车车交互,小客车;电动自行车,2,未知,无,追尾/跟驰冲突;驾驶操作不当;非机动车/行人相关,通知/交警处置;通知/路政处置;救援/拯救到场;医疗救援;车辆拖离;上报值班室,,5,低,0,未触发中高风险规则,伤亡待核验;图片用途待选,部分核验
ACC-2026-020,2026/3/27,22:45,夜间,夜间,东南西环高速,西行,K48+700,主线,非施工/未见施工信息,晴,驾驶员健康事件,扩展道路安全事件,未知,1,未知,无,驾驶员身体不适,通知/交警处置;通知/路政处置;救援/拯救到场;医疗救援;车辆拖离;现场警示/安全布控;上报值班室,,4,高,2,驾驶员健康事件,伤亡待核验;图片用途待选,部分核验
ACC-2026-021,2026/3/6,15:35,日间,白天,东南西环高速,南行,K25+400,主线,非施工/未见施工信息,晴,追尾,核心车车交互,小客车,3,未知,无,车距不足;追尾/跟驰冲突,通知/交警处置;通知/路政处置;救援/拯救到场;医疗救援;车辆拖离;上报值班室,,7,中,1,车辆数不少于3,伤亡待核验;图片用途待选,部分核验
ACC-2026-023,2026/4/25,0:19,深夜,夜间,东南西环高速,西行,K46+300,主线,非施工/未见施工信息,晴,车辆火灾/冒烟,扩展道路安全事件,货车,1,无人员伤亡,无,车辆起火,通知/交警处置;通知/路政处置;救援/拯救到场;消防处置;上报值班室,,4,中,1,车辆火灾/冒烟,图片用途待选,部分核验
ACC-2026-026,2026/4/17,9:08,早高峰,白天,东南西环高速,南行,K25+200,匝道,非施工/未见施工信息,晴,追尾,核心车车交互,小客车,2,未知,无,车距不足;追尾/跟驰冲突,通知/交警处置;通知/路政处置;救援/拯救到场;医疗救援;上报值班室,,10,低,0,未触发中高风险规则,伤亡待核验;图片用途待选,部分核验
ACC-2026-027,2026/4/18,10:38,日间,白天,东南西环高速,南行,K49+300,主线,非施工/未见施工信息,晴,追尾,核心车车交互,小客车;货车,2,未知,无,车距不足;追尾/跟驰冲突,通知/交警处置;通知/路政处置;救援/拯救到场;医疗救援;车辆拖离;上报值班室,,10,低,0,未触发中高风险规则,伤亡待核验;图片用途待选,部分核验
ACC-2026-028,2026/4/25,16:43,日间,白天,东南西环高速,东行,K48+220,主线,非施工/未见施工信息,晴,追尾,核心车车交互,小客车;货车,2,未知,无,车距不足;追尾/跟驰冲突,通知/交警处置;通知/路政处置;救援/拯救到场;医疗救援;车辆拖离;消防处置;上报值班室,,19,低,0,未触发中高风险规则,伤亡待核验;图片用途待选,部分核验
ACC-2026-033,2026/5/15,13:21,日间,白天,东南西环高速,西行,K48+200,主线,非施工/未见施工信息,未知,倒地/摔倒,扩展单车/单体事故,电动自行车,1,未知,无,驾驶操作不当;非机动车/行人相关,通知/交警处置;通知/路政处置;救援/拯救到场;医疗救援;车辆拖离;上报值班室,,10,中,1,倒地/摔倒,伤亡待核验;图片用途待选,部分核验
ACC-2026-034,2026/5/23,4:49,深夜,夜间,东南西环高速,东行,K45+700,主线,非施工/未见施工信息,晴,侧翻/翻车,扩展单车/单体事故,小客车,1,无人员伤亡,无,驾驶操作不当,通知/交警处置;通知/路政处置;救援/拯救到场;车辆拖离;车辆扶正;上报值班室,,8,中,1,侧翻/翻车,图片用途待选,部分核验
ACC-2026-036,2026/5/3,14:22,日间,白天,东南西环高速,西行,K36+500,主线,非施工/未见施工信息,晴,追尾,核心车车交互,小客车,2,未知,无,车距不足;追尾/跟驰冲突,通知/交警处置;通知/路政处置;救援/拯救到场;医疗救援;车辆拖离;上报值班室,,4,低,0,未触发中高风险规则,伤亡待核验;图片用途待选,部分核验
ACC-2026-041,2026/6/19,11:48,日间,白天,东南西环高速,未知,K39,匝道,非施工/未见施工信息,晴,碰撞/侧碰/刮蹭,扩展道路安全事件,小客车;电动轮椅,2,未知,无,原因未明确,通知/交警处置;通知/路政处置;救援/拯救到场;车辆拖离;上报值班室,,13,低,0,未触发中高风险规则,伤亡待核验;事故原因待核验;图片用途待选,部分核验
ACC-2026-042,2026/6/21,8:35,早高峰,白天,东南西环高速,未知,K23,匝道,非施工/未见施工信息,晴,货物脱落/撒漏,扩展道路安全事件,货车,1,无人员伤亡,有,超速/速度过快;货物固定/装载问题,通知/路政处置;救援/拯救到场;车道封闭/交通管制;清理货物/障碍;上报值班室,,13,中,1,路产损失,图片用途待选,部分核验
ACC-2026-043,2026/6/22,16:47,日间,白天,东南西环高速,南行,K25+900,主线,非施工/未见施工信息,晴,追尾,核心车车交互,小客车,3,未知,无,车距不足;追尾/跟驰冲突,通知/交警处置;通知/路政处置;救援/拯救到场;医疗救援;上报值班室,,7,中,1,车辆数不少于3,伤亡待核验;图片用途待选,部分核验
ACC-2026-044,2026/6/25,20:02,夜间,夜间,东南西环高速,北行,K39,匝道,非施工/未见施工信息,降雨,道路障碍/设施,扩展道路安全事件,未知,1,无人员伤亡,无,路面湿滑/降雨影响;道路障碍/设施因素,通知/交警处置;通知/路政处置;车道封闭/交通管制;清理货物/障碍;上报值班室,,6,低,0,未触发中高风险规则,图片用途待选,部分核验
ACC-2026-046,2026/6/29,4:25,深夜,夜间,东南西环高速,西行,K35+500,主线,非施工/未见施工信息,晴,追尾,核心车车交互,货车,2,未知,无,车距不足;追尾/跟驰冲突,通知/交警处置;通知/路政处置;救援/拯救到场;医疗救援;车辆拖离;消防处置;清理货物/障碍;上报值班室,,5,低,0,未触发中高风险规则,伤亡待核验;图片用途待选,部分核验
ACC-2026-047,2026/6/29,20:18,夜间,夜间,东南西环高速,西行,K36+100,主线,非施工/未见施工信息,晴,追尾,核心车车交互,小客车,2,未知,无,车距不足;追尾/跟驰冲突,通知/交警处置;通知/路政处置;救援/拯救到场;医疗救援;车辆拖离;上报值班室,,5,低,0,未触发中高风险规则,伤亡待核验;图片用途待选,部分核验
ACC-2026-048,2026/6/4,3:08,深夜,夜间,东南西环高速,北行,K50+150,主线,非施工/未见施工信息,晴,追尾,核心车车交互,货车,2,有人受伤（人数待核验）,无,车距不足;追尾/跟驰冲突,通知/交警处置;通知/路政处置;救援/拯救到场;医疗救援;车辆拖离;上报值班室,,12,高,2,人员伤亡,图片用途待选,部分核验
ACC-2026-056,2026/7/25,16:00,日间,白天,东南西环高速,西行,K39,主线,非施工/未见施工信息,晴,追尾,核心车车交互,小客车;货车,2,未知,无,车距不足;追尾/跟驰冲突,通知/交警处置;通知/路政处置;救援/拯救到场;医疗救援;车辆拖离;上报值班室,,6,低,0,未触发中高风险规则,伤亡待核验;图片用途待选,部分核验
ACC-2026-057,2026/7/2,0:26,深夜,夜间,东南西环高速,北行,K23,匝道,非施工/未见施工信息,晴,货物脱落/撒漏,扩展道路安全事件,货车,1,无人员伤亡,无,超速/速度过快;货物固定/装载问题,通知/交警处置;通知/路政处置;救援/拯救到场;车道封闭/交通管制;清理货物/障碍;上报值班室,,8,低,0,未触发中高风险规则,图片用途待选,部分核验
ACC-2026-061,2026/8/20,5:08,清晨,夜间,东南西环高速,西行,K30+900,主线,施工/作业区,晴,追尾,核心车车交互,小客车;工程/施工车辆,2,无人员伤亡,无,车距不足;追尾/跟驰冲突,通知/交警处置;通知/路政处置;救援/拯救到场;车辆拖离;上报值班室,,6,低,0,未触发中高风险规则,图片用途待选,部分核验
ACC-2026-063,2026/8/31,14:44,日间,白天,东南西环高速,东行,K36+500,主线,非施工/未见施工信息,阴,侧翻/翻车,扩展单车/单体事故,货车,1,无人员伤亡,无,车距不足;侧翻失稳;驾驶操作不当,通知/交警处置;通知/路政处置;救援/拯救到场;车辆拖离;车辆扶正;车道封闭/交通管制;清理货物/障碍;上报值班室,,11,中,1,侧翻/翻车,图片用途待选,部分核验
ACC-2026-064,2026/8/6,5:49,清晨,夜间,东南西环高速,西行,K41+900,主线,施工/作业区,晴,追尾,核心车车交互,小客车;防撞车,2,未知,无,车距不足;追尾/跟驰冲突,通知/交警处置;通知/路政处置;救援/拯救到场;医疗救援;车辆拖离;上报值班室,,18,低,0,未触发中高风险规则,伤亡待核验;图片用途待选,部分核验
ACC-2026-065,2026/8/7,0:29,深夜,夜间,东南西环高速,南行,K52+850,主线,非施工/未见施工信息,晴,倒地/摔倒,扩展单车/单体事故,电动自行车,1,未知,无,驾驶操作不当;非机动车/行人相关,通知/交警处置;通知/路政处置;救援/拯救到场;医疗救援;车辆拖离;上报值班室,,7,中,1,倒地/摔倒,伤亡待核验;图片用途待选,部分核验
ACC-2026-066,2026/8/9,17:24,晚高峰,白天,东南西环高速,北行,K50+400,主线,非施工/未见施工信息,晴,驾驶员健康事件,扩展道路安全事件,小客车,1,未知,无,驾驶员身体不适,通知/交警处置;通知/路政处置;救援/拯救到场;医疗救援;车辆拖离;上报值班室,,10,高,2,驾驶员健康事件,伤亡待核验;图片用途待选,部分核验
