case_id,gold_level,gold_level_name,B1_rules_level,B2_kg_level,B3_wiki_knn_level,B4_fixed_fusion_level,B5_tuned_fusion_level,L0_llm_level,L1_kg_wiki_level,basic_score,kg_score,wiki_knn_score,fixed_fusion_score,tuned_fusion_score,B4_graph_weight,B5_graph_weight,graph_hybrid_top5,graph_hybrid_top5_scores,L1_direct_graph_evidence_count,L1_similar_case_evidence_count,L1_graph_evidence_preview,L1_similar_case_evidence_preview,L1_key_factors,L0_parse_status,L1_parse_status
ACC-2026-002,0,低,中,中,中,中,中,高,高,1.72,0.679,0.994588,0.507859,0.514429,0.25,0.25,ACC-2025-037;ACC-2025-055;ACC-2025-049;ACC-2025-036;ACC-2025-038,1.0000;0.9579;0.7517;0.6190;0.5597,4,3,夜间与追尾风险关联（权重=1.0000，来源=CASE） || 凌晨时段增加事故风险（权重=0.2980，来源=SHAP） || 高速道路类型增加事故风险（权重=0.2050，来源=SHAP） || 客车增加事故风险（权重=0.1760，来源=SHAP）,历史案例ACC-2025-037：追尾，晴，主线，有人受伤（人数待核验） || 历史案例ACC-2025-055：追尾，晴，主线，无人员伤亡 || 历史案例ACC-2025-049：追尾，晴，主线，无人员伤亡,夜间；深夜时段；高速公路主线；施工/作业区；小客车与防撞车追尾,ok,ok
ACC-2026-003,1,中,低,低,高,低,中,中,中,1.19,0.205,1.199276,0.364267,0.492437,0.25,0.25,ACC-2025-007;ACC-2025-096;ACC-2025-003;ACC-2025-075;ACC-2025-065,0.8733;0.8430;0.7955;0.7940;0.7930,1,3,知识图谱：道路类型(高速) --INCREASES_ACCIDENT_RISK--> AccidentRisk（权重=0.2050，来源=SHAP）,历史案例ACC-2025-077：追尾，晴，主线，伤亡=未知，路产=无 || 历史案例ACC-2025-027：追尾，晴，主线，伤亡=有人受伤（人数待核验），路产=无 || 历史案例ACC-2025-008：追尾，晴，主线，伤亡=有人受伤（人数待核验），路产=无,高速公路主线；日间晴天；3车追尾；东南西环高速东行K29+600,ok,ok
ACC-2026-004,2,高,中,低,中,中,中,中,中,1.75,0.361,1.0,0.448397,0.450208,0.25,0.25,ACC-2025-047;ACC-2025-065;ACC-2025-102;ACC-2025-007;ACC-2025-051,0.8922;0.8483;0.8254;0.8020;0.7706,2,1,道路类型(高速) --INCREASES_ACCIDENT_RISK--> AccidentRisk（权重=0.2050，来源=SHAP） || 时间段(早高峰) --INCREASES_ACCIDENT_RISK--> AccidentRisk（权重=0.1560，来源=SHAP）,历史案例ACC-2025-047、ACC-2025-082、ACC-2025-003均为晴、主线、无人员伤亡、无路产损失,早高峰时段交通流量较大；高速公路主线行车速度较高；驾驶员健康事件可能导致车辆失控；单车事件,ok,ok
ACC-2026-005,0,低,低,中,低,低,低,中,高,1.32,0.424,0.599695,0.283547,0.313219,0.25,0.25,ACC-2025-102;ACC-2025-007;ACC-2025-065;ACC-2025-017;ACC-2025-044,1.0000;0.9060;0.8489;0.8423;0.7794,2,3,知识图谱：货车 --INCREASES_ACCIDENT_RISK--> AccidentRisk（权重=0.2190，来源=SHAP） || 知识图谱：道路类型(高速) --INCREASES_ACCIDENT_RISK--> AccidentRisk（权重=0.2050，来源=SHAP）,历史案例ACC-2025-036：追尾，晴，主线，无人员伤亡，无路产损失 || 历史案例ACC-2025-013：追尾，晴，主线，有人受伤（人数待核验），无路产损失 || 历史案例ACC-2025-102：追尾，晴，主线，伤亡未知，无路产损失,货车参与（SHAP权重0.2190）；高速公路道路类型（SHAP权重0.2050）；日间晴天主线追尾场景；两车追尾核心车车交互,ok,ok
ACC-2026-006,0,低,中,高,中,中,中,高,高,1.67,0.722,1.006161,0.510653,0.527727,0.25,0.25,ACC-2025-040;ACC-2025-090;ACC-2025-036;ACC-2025-073;ACC-2025-103,0.9725;0.9214;0.8258;0.8038;0.8027,4,3,夜间 --ASSOCIATED_WITH--> 追尾风险（权重=1.0000，来源=CASE） || 时间段(凌晨) --INCREASES_ACCIDENT_RISK--> AccidentRisk（权重=0.2980，来源=SHAP） || 货车 --INCREASES_ACCIDENT_RISK--> AccidentRisk（权重=0.2190，来源=SHAP） || 道路类型(高速) --INCREASES_ACCIDENT_RISK--> AccidentRisk（权重=0.2050，来源=SHAP）,历史案例ACC-2025-040：追尾，晴，主线，有人受伤（人数待核验） || 历史案例ACC-2025-090：追尾，晴，主线，伤亡未知 || 历史案例ACC-2025-036：追尾，晴，主线，无人员伤亡,夜间；深夜时段；高速公路主线；货车参与；两车追尾,ok,ok
ACC-2026-007,1,中,中,中,中,高,中,高,高,2.0,0.683,1.005587,0.562167,0.519387,0.25,0.25,ACC-2025-071;ACC-2025-089;ACC-2025-032;ACC-2025-083;ACC-2025-042,0.7919;0.7358;0.7240;0.7157;0.6959,5,1,夜间 --ASSOCIATED_WITH--> 追尾风险（权重=1.0000，来源=CASE） || 匝道 --ASSOCIATED_WITH--> 速度差过大（权重=1.0000，来源=CASE） || 道路类型(匝道) --INCREASES_ACCIDENT_RISK--> AccidentRisk（权重=0.2450，来源=SHAP） || 匝道附近 --INCREASES_ACCIDENT_RISK--> AccidentRisk（权重=0.2330，来源=SHAP） || 道路类型(高速) --INCREASES_ACCIDENT_RISK--> AccidentRisk（权重=0.2050，来源=SHAP）,历史案例ACC-2025-015：自撞，匝道，无人员伤亡，有路产损失,夜间时段；匝道几何；高速公路环境；电动自行车作为单一参与者；速度差过大关联风险；追尾风险关联,ok,ok
ACC-2026-008,1,中,中,高,中,高,中,高,高,2.0,0.817,1.0,0.588687,0.545208,0.25,0.25,ACC-2025-048;ACC-2025-051;ACC-2025-014;ACC-2025-080;ACC-2025-073,1.0000;0.8835;0.7807;0.7163;0.6857,6,3,夜间 --ASSOCIATED_WITH--> 追尾风险（权重=1.0000，来源=CASE） || 匝道 --ASSOCIATED_WITH--> 速度差过大（权重=1.0000，来源=CASE） || 道路类型(匝道) --INCREASES_ACCIDENT_RISK--> AccidentRisk（权重=0.2450，来源=SHAP） || 匝道附近 --INCREASES_ACCIDENT_RISK--> AccidentRisk（权重=0.2330，来源=SHAP） || 道路类型(高速) --INCREASES_ACCIDENT_RISK--> AccidentRisk（权重=0.2050，来源=SHAP）,历史案例ACC-2025-089：倒地/摔倒，晴，主线，伤亡=未知，路产=无 || 历史案例ACC-2025-100：倒地/摔倒，晴，主线，伤亡=未知，路产=无 || 历史案例ACC-2025-030：侧翻/翻车，晴，主线，伤亡=无人员伤亡，路产=无,夜间；晚高峰；匝道；高速公路；行人；倒地/摔倒；单车/单体事故,ok,ok
ACC-2026-012,2,高,中,高,中,中,中,高,高,1.52,1.006,0.831972,0.499098,0.521573,0.25,0.25,ACC-2025-012;ACC-2025-049;ACC-2025-088;ACC-2025-034;ACC-2025-065,0.9525;0.8556;0.8505;0.8384;0.8221,5,3,恶劣天气 --INCREASES_ACCIDENT_RISK--> AccidentRisk（权重=0.2760，来源=SHAP） || 道路类型(高速) --INCREASES_ACCIDENT_RISK--> AccidentRisk（权重=0.2050，来源=SHAP） || 是否降雨 --INCREASES_ACCIDENT_RISK--> AccidentRisk（权重=0.1930，来源=SHAP） || 客车 --INCREASES_ACCIDENT_RISK--> AccidentRisk（权重=0.1760，来源=SHAP） || 时间段(早高峰) --INCREASES_ACCIDENT_RISK--> AccidentRisk（权重=0.1560，来源=SHAP）,历史案例ACC-2025-049：追尾，晴，主线，伤亡=无人员伤亡，路产=无 || 历史案例ACC-2025-065：追尾，晴，主线，伤亡=有人受伤（人数待核验），路产=无 || 历史案例ACC-2025-048：追尾，晴，主线，伤亡=未知，路产=无,恶劣天气；道路类型(高速)；是否降雨；客车；时间段(早高峰),ok,ok
ACC-2026-015,0,低,低,中,中,中,中,高,高,1.5,0.503,1.038436,0.442299,0.494205,0.25,0.25,ACC-2025-090;ACC-2025-089;ACC-2025-083;ACC-2025-014;ACC-2025-073,0.7881;0.7871;0.7814;0.7123;0.6904,3,3,夜间 --ASSOCIATED_WITH--> 追尾风险（权重=1.0000，来源=CASE） || 时间段(凌晨) --INCREASES_ACCIDENT_RISK--> AccidentRisk（权重=0.2980，来源=SHAP） || 道路类型(高速) --INCREASES_ACCIDENT_RISK--> AccidentRisk（权重=0.2050，来源=SHAP）,历史案例ACC-2025-029：自撞，晴，主线，伤亡=有人受伤（人数待核验），路产=无 || 历史案例ACC-2025-089：倒地/摔倒，晴，主线，伤亡=未知，路产=无 || 历史案例ACC-2025-009：自撞，晴，出入口广场，伤亡=无人员伤亡，路产=未知,深夜/夜间时段；高速公路主线；电动自行车进入高速；自撞事故形态；单车事故,ok,ok
ACC-2026-016,0,低,低,中,低,低,低,高,高,1.42,0.679,0.204572,0.256007,0.218173,0.25,0.25,ACC-2025-032;ACC-2025-042;ACC-2025-083;ACC-2025-060;ACC-2025-057,0.8752;0.8438;0.8207;0.8060;0.7503,4,1,夜间与追尾风险关联（权重=1.0000，来源=CASE） || 凌晨时段增加事故风险（权重=0.2980，来源=SHAP） || 高速道路类型增加事故风险（权重=0.2050，来源=SHAP） || 客车增加事故风险（权重=0.1760，来源=SHAP）,历史案例ACC-2025-032、ACC-2025-073、ACC-2025-060均为晴、主线、追尾,夜间；深夜时段；高速公路主线；小客车；电动自行车；追尾,ok,ok
ACC-2026-020,2,高,中,低,中,中,中,中,高,2.1,0.205,1.011775,0.482246,0.422124,0.25,0.25,ACC-2025-014;ACC-2025-073;ACC-2025-013;ACC-2025-036;ACC-2025-048,1.0000;0.9443;0.8411;0.8103;0.7658,2,1,夜间 --ASSOCIATED_WITH--> 追尾风险（权重=1.0000，来源=CASE） || 道路类型(高速) --INCREASES_ACCIDENT_RISK--> AccidentRisk（权重=0.2050，来源=SHAP）,历史案例ACC-2025-014：追尾，晴，主线，有人受伤（人数待核验）,夜间；高速公路主线；驾驶员健康事件；单车事件,ok,ok
ACC-2026-021,1,中,低,低,低,低,低,中,中,1.19,0.381,0.567312,0.242942,0.292117,0.25,0.25,ACC-2025-060;ACC-2025-017;ACC-2025-059;ACC-2025-065;ACC-2025-070,1.0000;0.7252;0.6988;0.6893;0.6401,2,3,道路类型(高速) --INCREASES_ACCIDENT_RISK--> AccidentRisk（权重=0.2050，来源=SHAP） || 客车 --INCREASES_ACCIDENT_RISK--> AccidentRisk（权重=0.1760，来源=SHAP）,历史案例ACC-2025-060：追尾，晴，主线，伤亡=未知，路产=无 || 历史案例ACC-2025-032：追尾，晴，主线，伤亡=无人员伤亡，路产=无 || 历史案例ACC-2025-071：追尾，晴，主线，伤亡=未知，路产=无,高速公路主线；日间晴天；3辆小客车追尾；南行K25+400,ok,ok
ACC-2026-023,1,中,中,高,中,中,中,高,高,1.9,0.722,1.0,0.550779,0.525417,0.25,0.25,ACC-2025-040;ACC-2025-090;ACC-2025-036;ACC-2025-013;ACC-2025-027,1.0000;0.8727;0.8201;0.7259;0.7172,4,1,夜间与追尾风险关联（权重=1.0000，来源=CASE） || 凌晨时段增加事故风险（权重=0.2980，来源=SHAP） || 货车增加事故风险（权重=0.2190，来源=SHAP） || 高速道路类型增加事故风险（权重=0.2050，来源=SHAP）,历史案例ACC-2025-103、ACC-2025-086、ACC-2025-047均为车辆火灾/冒烟，晴，主线，无人员伤亡,夜间；深夜时段；高速公路主线；货车；单车事故,ok,ok
ACC-2026-026,0,低,低,高,低,低,低,中,高,1.37,1.015,0.0,0.265806,0.211458,0.25,0.25,ACC-2025-060;ACC-2025-006;ACC-2025-057;ACC-2025-015;ACC-2025-012,0.8405;0.8246;0.8054;0.7374;0.7306,6,3,匝道 --ASSOCIATED_WITH--> 速度差过大（权重=1.0000，来源=CASE） || 道路类型(匝道) --INCREASES_ACCIDENT_RISK--> AccidentRisk（权重=0.2450，来源=SHAP） || 匝道附近 --INCREASES_ACCIDENT_RISK--> AccidentRisk（权重=0.2330，来源=SHAP） || 道路类型(高速) --INCREASES_ACCIDENT_RISK--> AccidentRisk（权重=0.2050，来源=SHAP） || 客车 --INCREASES_ACCIDENT_RISK--> AccidentRisk（权重=0.1760，来源=SHAP）,历史案例ACC-2025-032：追尾，晴，主线，伤亡=无人员伤亡，路产=无 || 历史案例ACC-2025-060：追尾，晴，主线，伤亡=未知，路产=无 || 历史案例ACC-2025-071：追尾，晴，主线，伤亡=未知，路产=无,匝道；高速；早高峰；小客车；追尾,ok,ok
ACC-2026-027,0,低,低,中,低,低,低,中,中,1.32,0.6,0.1904,0.21789,0.1964,0.25,0.25,ACC-2025-060;ACC-2025-032;ACC-2025-099;ACC-2025-006;ACC-2025-065,0.9714;0.7802;0.7739;0.7185;0.6872,3,3,知识图谱：货车 --INCREASES_ACCIDENT_RISK--> AccidentRisk（权重=0.2190，来源=SHAP） || 知识图谱：道路类型(高速) --INCREASES_ACCIDENT_RISK--> AccidentRisk（权重=0.2050，来源=SHAP） || 知识图谱：客车 --INCREASES_ACCIDENT_RISK--> AccidentRisk（权重=0.1760，来源=SHAP）,历史案例：ACC-2025-032：追尾，晴，主线，伤亡=无人员伤亡，路产=无 || 历史案例：ACC-2025-060：追尾，晴，主线，伤亡=未知，路产=无 || 历史案例：ACC-2025-049：追尾，晴，主线，伤亡=无人员伤亡，路产=无,货车参与；小客车参与；高速公路主线；日间晴天；追尾事件类型,ok,ok
ACC-2026-028,0,低,低,中,高,高,高,中,高,1.32,0.6,1.605998,0.571789,0.727249,0.25,0.25,ACC-2025-096;ACC-2025-102;ACC-2025-065;ACC-2025-063;ACC-2025-075,0.9118;0.8453;0.8435;0.8251;0.8150,3,3,知识图谱：货车 --INCREASES_ACCIDENT_RISK--> AccidentRisk（权重=0.2190，来源=SHAP） || 知识图谱：道路类型(高速) --INCREASES_ACCIDENT_RISK--> AccidentRisk（权重=0.2050，来源=SHAP） || 知识图谱：客车 --INCREASES_ACCIDENT_RISK--> AccidentRisk（权重=0.1760，来源=SHAP）,历史案例ACC-2025-016：追尾，晴，主线，伤亡=有人受伤（人数待核验），路产=无 || 历史案例ACC-2025-013：追尾，晴，主线，伤亡=有人受伤（人数待核验），路产=无 || 历史案例ACC-2025-027：追尾，晴，主线，伤亡=有人受伤（人数待核验），路产=无,货车参与（权重0.2190）；高速道路类型（权重0.2050）；客车参与（权重0.1760）；追尾事件类型；日间晴天主线环境,ok,ok
ACC-2026-033,1,中,低,低,中,低,中,高,高,1.35,0.205,1.0,0.343433,0.417708,0.25,0.25,ACC-2025-100;ACC-2025-007;ACC-2025-065;ACC-2025-089;ACC-2025-059,0.8816;0.8435;0.8118;0.7603;0.7585,1,3,道路类型(高速) --INCREASES_ACCIDENT_RISK--> AccidentRisk（权重=0.2050，来源=SHAP）,历史案例ACC-2025-100：倒地/摔倒，晴，主线，伤亡=未知，路产=无 || 历史案例ACC-2025-089：倒地/摔倒，晴，主线，伤亡=未知，路产=无 || 历史案例ACC-2025-044：侧翻/翻车，降雨，主线，伤亡=无人员伤亡，路产=有,高速公路主线；电动自行车进入高速；倒地/摔倒；日间,ok,ok
ACC-2026-034,1,中,中,中,中,中,中,高,中,1.9,0.679,1.0,0.541821,0.516458,0.25,0.25,ACC-2025-016;ACC-2025-027;ACC-2025-063;ACC-2025-036;ACC-2025-077,0.9483;0.9301;0.8963;0.8471;0.8425,4,1,夜间与追尾风险关联（权重=1.0000，来源=CASE） || 凌晨时段增加事故风险（权重=0.2980，来源=SHAP） || 高速道路类型增加事故风险（权重=0.2050，来源=SHAP） || 客车增加事故风险（权重=0.1760，来源=SHAP）,历史案例ACC-2025-019、ACC-2025-096均为晴天主线上侧翻/翻车且无人员伤亡、无路产损失,夜间行车；高速公路主线；小客车单车事故；侧翻/翻车形态,ok,ok
ACC-2026-036,0,低,低,低,高,中,高,中,中,1.07,0.381,1.403678,0.430294,0.605754,0.25,0.25,ACC-2025-017;ACC-2025-065;ACC-2025-059;ACC-2025-007;ACC-2025-070,1.0000;0.9389;0.8763;0.8261;0.8164,2,3,道路类型(高速) --INCREASES_ACCIDENT_RISK--> AccidentRisk（权重=0.2050，来源=SHAP） || 客车 --INCREASES_ACCIDENT_RISK--> AccidentRisk（权重=0.1760，来源=SHAP）,历史案例ACC-2025-017：追尾，晴，主线，伤亡=有人受伤（人数待核验），路产=无 || 历史案例ACC-2025-073：追尾，晴，主线，伤亡=未知，路产=无 || 历史案例ACC-2025-013：追尾，晴，主线，伤亡=有人受伤（人数待核验），路产=无,高速公路主线；日间晴天；两辆小客车追尾；非施工场景,ok,ok
ACC-2026-041,0,低,低,高,低,低,低,高,高,1.42,0.859,0.380792,0.337562,0.321755,0.25,0.25,ACC-2025-006;ACC-2025-060;ACC-2025-059;ACC-2025-065;ACC-2025-017,0.9508;0.8776;0.8776;0.8668;0.8281,5,1,匝道 --ASSOCIATED_WITH--> 速度差过大（权重=1.0000，来源=CASE） || 道路类型(匝道) --INCREASES_ACCIDENT_RISK--> AccidentRisk（权重=0.2450，来源=SHAP） || 匝道附近 --INCREASES_ACCIDENT_RISK--> AccidentRisk（权重=0.2330，来源=SHAP） || 道路类型(高速) --INCREASES_ACCIDENT_RISK--> AccidentRisk（权重=0.2050，来源=SHAP） || 客车 --INCREASES_ACCIDENT_RISK--> AccidentRisk（权重=0.1760，来源=SHAP）,历史案例ACC-2025-042/057/053均为碰撞/侧碰/刮蹭，晴，主线,匝道几何条件；高速道路环境；小客车与电动轮椅速度差过大；电动轮椅违规进入高速匝道,ok,ok
ACC-2026-042,1,中,低,高,中,中,中,中,高,1.15,1.058,0.853209,0.448212,0.54037,0.25,0.25,ACC-2025-031;ACC-2025-080;ACC-2025-006;ACC-2025-067;ACC-2025-047,0.9151;0.8966;0.8313;0.7553;0.7308,6,1,匝道 --ASSOCIATED_WITH--> 速度差过大（权重=1.0000，来源=CASE） || 道路类型(匝道) --INCREASES_ACCIDENT_RISK--> AccidentRisk（权重=0.2450，来源=SHAP） || 匝道附近 --INCREASES_ACCIDENT_RISK--> AccidentRisk（权重=0.2330，来源=SHAP） || 货车 --INCREASES_ACCIDENT_RISK--> AccidentRisk（权重=0.2190，来源=SHAP） || 道路类型(高速) --INCREASES_ACCIDENT_RISK--> AccidentRisk（权重=0.2050，来源=SHAP）,历史案例ACC-2025-006：货物脱落/撒漏，晴，匝道，无人员伤亡，有路产损失,早高峰时段车流密集；匝道几何线形复杂；货车参与且发生货物脱落；高速公路环境,ok,ok
ACC-2026-043,1,中,低,低,低,低,低,中,中,1.19,0.381,0.397845,0.200575,0.228567,0.25,0.25,ACC-2025-060;ACC-2025-065;ACC-2025-102;ACC-2025-070;ACC-2025-017,1.0000;0.8724;0.7710;0.7411;0.7354,2,3,道路类型(高速) --INCREASES_ACCIDENT_RISK--> AccidentRisk（权重=0.2050，来源=SHAP） || 客车 --INCREASES_ACCIDENT_RISK--> AccidentRisk（权重=0.1760，来源=SHAP）,ACC-2025-032：追尾，晴，主线，伤亡=无人员伤亡，路产=无 || ACC-2025-060：追尾，晴，主线，伤亡=未知，路产=无 || ACC-2025-065：追尾，晴，主线，伤亡=有人受伤（人数待核验），路产=无,高速公路主线；日间晴天；3辆小客车追尾；高速道路类型增加事故风险；客车类型增加事故风险,ok,ok
ACC-2026-044,0,低,中,高,中,中,中,高,高,1.55,1.152,0.805088,0.528229,0.541908,0.25,0.25,ACC-2025-004;ACC-2025-056;ACC-2025-049;ACC-2025-038;ACC-2025-015,0.8727;0.8669;0.7685;0.6688;0.6553,7,2,夜间 --ASSOCIATED_WITH--> 追尾风险（权重=1.0000，来源=CASE） || 匝道 --ASSOCIATED_WITH--> 速度差过大（权重=1.0000，来源=CASE） || 恶劣天气 --INCREASES_ACCIDENT_RISK--> AccidentRisk（权重=0.2760，来源=SHAP） || 道路类型(匝道) --INCREASES_ACCIDENT_RISK--> AccidentRisk（权重=0.2450，来源=SHAP） || 匝道附近 --INCREASES_ACCIDENT_RISK--> AccidentRisk（权重=0.2330，来源=SHAP）,历史案例ACC-2025-056：自撞，晴，匝道，无人员伤亡，有路产损失 || 历史案例ACC-2025-004：侧翻/翻车，晴，匝道，无人员伤亡，有路产损失,夜间；匝道；降雨；高速公路；道路障碍/设施；单车事件,ok,ok
ACC-2026-046,0,低,中,高,高,高,高,高,高,1.67,0.722,1.609671,0.66153,0.754043,0.25,0.25,ACC-2025-040;ACC-2025-013;ACC-2025-036;ACC-2025-090;ACC-2025-027,0.9933;0.8843;0.8611;0.8471;0.8416,4,1,夜间 --ASSOCIATED_WITH--> 追尾风险（权重=1.0000，来源=CASE） || 时间段(凌晨) --INCREASES_ACCIDENT_RISK--> AccidentRisk（权重=0.2980，来源=SHAP） || 货车 --INCREASES_ACCIDENT_RISK--> AccidentRisk（权重=0.2190，来源=SHAP） || 道路类型(高速) --INCREASES_ACCIDENT_RISK--> AccidentRisk（权重=0.2050，来源=SHAP）,历史案例ACC-2025-013、ACC-2025-040、ACC-2025-027均为追尾、晴、主线，且有人受伤（人数待核验）,夜间；深夜时段；货车；高速公路主线；2车追尾,ok,ok
ACC-2026-047,0,低,低,低,中,中,中,中,高,1.42,0.381,1.164707,0.433958,0.51614,0.25,0.25,ACC-2025-073;ACC-2025-036;ACC-2025-048;ACC-2025-014;ACC-2025-013,0.9703;0.8672;0.8592;0.7709;0.7296,3,3,夜间 --ASSOCIATED_WITH--> 追尾风险（权重=1.0000，来源=CASE） || 道路类型(高速) --INCREASES_ACCIDENT_RISK--> AccidentRisk（权重=0.2050，来源=SHAP） || 客车 --INCREASES_ACCIDENT_RISK--> AccidentRisk（权重=0.1760，来源=SHAP）,历史案例ACC-2025-073：追尾，晴，主线，伤亡=未知，路产=无 || 历史案例ACC-2025-036：追尾，晴，主线，伤亡=无人员伤亡，路产=无 || 历史案例ACC-2025-048：追尾，晴，主线，伤亡=未知，路产=无,夜间；高速公路主线；小客车；追尾,ok,ok
ACC-2026-048,2,高,中,高,高,高,高,高,高,1.67,0.722,1.396516,0.608241,0.67411,0.25,0.25,ACC-2025-016;ACC-2025-056;ACC-2025-027;ACC-2025-049;ACC-2025-040,0.8283;0.7939;0.7888;0.7887;0.7825,4,3,夜间 --ASSOCIATED_WITH--> 追尾风险（权重=1.0000，来源=CASE） || 时间段(凌晨) --INCREASES_ACCIDENT_RISK--> AccidentRisk（权重=0.2980，来源=SHAP） || 货车 --INCREASES_ACCIDENT_RISK--> AccidentRisk（权重=0.2190，来源=SHAP） || 道路类型(高速) --INCREASES_ACCIDENT_RISK--> AccidentRisk（权重=0.2050，来源=SHAP）,历史案例ACC-2025-049：追尾，晴，主线，无人员伤亡，无路产损失 || 历史案例ACC-2025-016：追尾，晴，主线，有人受伤（人数待核验），无路产损失 || 历史案例ACC-2025-032：追尾，晴，主线，无人员伤亡，无路产损失,夜间；深夜时段；货车；高速公路主线；追尾事件类型,ok,ok
ACC-2026-056,0,低,低,中,中,中,中,中,高,1.32,0.6,1.006012,0.421793,0.502255,0.25,0.25,ACC-2025-102;ACC-2025-065;ACC-2025-017;ACC-2025-059;ACC-2025-070,0.9287;0.9257;0.8564;0.8498;0.7961,3,3,知识图谱：货车 --INCREASES_ACCIDENT_RISK--> AccidentRisk（权重=0.2190，来源=SHAP） || 知识图谱：道路类型(高速) --INCREASES_ACCIDENT_RISK--> AccidentRisk（权重=0.2050，来源=SHAP） || 知识图谱：客车 --INCREASES_ACCIDENT_RISK--> AccidentRisk（权重=0.1760，来源=SHAP）,历史案例ACC-2025-013：追尾，晴，主线，伤亡=有人受伤（人数待核验），路产=无 || 历史案例ACC-2025-048：追尾，晴，主线，伤亡=未知，路产=无 || 历史案例ACC-2025-036：追尾，晴，主线，伤亡=无人员伤亡，路产=无,货车参与（权重0.2190）；高速公路道路类型（权重0.2050）；小客车参与（权重0.1760）；日间晴天主线追尾场景,ok,ok
ACC-2026-057,0,低,低,高,中,中,中,高,高,1.5,1.2,0.837675,0.537317,0.564128,0.25,0.25,ACC-2025-056;ACC-2025-049;ACC-2025-004;ACC-2025-038;ACC-2025-067,0.8664;0.7412;0.7177;0.7027;0.6757,7,1,夜间 --ASSOCIATED_WITH--> 追尾风险（权重=1.0000，来源=CASE） || 匝道 --ASSOCIATED_WITH--> 速度差过大（权重=1.0000，来源=CASE） || 时间段(凌晨) --INCREASES_ACCIDENT_RISK--> AccidentRisk（权重=0.2980，来源=SHAP） || 道路类型(匝道) --INCREASES_ACCIDENT_RISK--> AccidentRisk（权重=0.2450，来源=SHAP） || 匝道附近 --INCREASES_ACCIDENT_RISK--> AccidentRisk（权重=0.2330，来源=SHAP）,历史案例ACC-2025-006：货物脱落/撒漏，晴，匝道，伤亡=无人员伤亡，路产=有,夜间；匝道；货车；高速公路；货物脱落/撒漏,ok,ok
ACC-2026-061,0,低,中,低,中,中,中,高,高,1.72,0.381,0.916341,0.426214,0.423003,0.25,0.25,ACC-2025-055;ACC-2025-037;ACC-2025-065;ACC-2025-036;ACC-2025-048,1.0000;0.5400;0.4721;0.4324;0.4252,3,3,夜间 --ASSOCIATED_WITH--> 追尾风险（权重=1.0000，来源=CASE） || 道路类型(高速) --INCREASES_ACCIDENT_RISK--> AccidentRisk（权重=0.2050，来源=SHAP） || 客车 --INCREASES_ACCIDENT_RISK--> AccidentRisk（权重=0.1760，来源=SHAP）,历史案例ACC-2025-055：追尾，晴，主线，伤亡=无人员伤亡，路产=无 || 历史案例ACC-2025-037：追尾，晴，主线，伤亡=有人受伤（人数待核验），路产=无 || 历史案例ACC-2025-048：追尾，晴，主线，伤亡=未知，路产=无,夜间；施工/作业区；高速公路主线；小客车与工程/施工车辆混合交通；追尾事件类型,ok,ok
ACC-2026-063,1,中,中,中,中,中,中,中,中,1.8,0.424,1.0,0.47058,0.463333,0.25,0.25,ACC-2025-096;ACC-2025-075;ACC-2025-063;ACC-2025-044;ACC-2025-027,0.9699;0.9669;0.8604;0.8442;0.8223,2,3,知识图谱：货车 --INCREASES_ACCIDENT_RISK--> AccidentRisk（权重=0.2190，来源=SHAP） || 知识图谱：道路类型(高速) --INCREASES_ACCIDENT_RISK--> AccidentRisk（权重=0.2050，来源=SHAP）,历史案例ACC-2025-075：侧翻/翻车，晴，主线，无人员伤亡，无路产损失 || 历史案例ACC-2025-096：侧翻/翻车，晴，主线，无人员伤亡，无路产损失 || 历史案例ACC-2025-044：侧翻/翻车，降雨，主线，无人员伤亡，有路产损失,货车参与（SHAP权重0.2190，增加事故风险）；高速公路道路类型（SHAP权重0.2050，增加事故风险）；阴天天气；日间主线行驶,ok,ok
ACC-2026-064,0,低,中,低,中,中,中,高,高,1.72,0.381,0.981708,0.442556,0.447516,0.25,0.25,ACC-2025-055;ACC-2025-037;ACC-2025-065;ACC-2025-036;ACC-2025-048,1.0000;0.8995;0.5842;0.5405;0.5127,3,3,夜间 --ASSOCIATED_WITH--> 追尾风险（权重=1.0000，来源=CASE） || 道路类型(高速) --INCREASES_ACCIDENT_RISK--> AccidentRisk（权重=0.2050，来源=SHAP） || 客车 --INCREASES_ACCIDENT_RISK--> AccidentRisk（权重=0.1760，来源=SHAP）,历史案例ACC-2025-055：追尾，晴，主线，伤亡=无人员伤亡，路产=无 || 历史案例ACC-2025-037：追尾，晴，主线，伤亡=有人受伤（人数待核验），路产=无 || 历史案例ACC-2025-036：追尾，晴，主线，伤亡=无人员伤亡，路产=无,夜间；施工/作业区；高速公路主线；小客车与防撞车追尾；晴,ok,ok
ACC-2026-065,1,中,中,中,中,中,中,高,高,1.7,0.503,1.151509,0.506799,0.536608,0.25,0.25,ACC-2025-083;ACC-2025-071;ACC-2025-032;ACC-2025-040;ACC-2025-090,0.8577;0.7332;0.7101;0.6863;0.6810,3,3,夜间 --ASSOCIATED_WITH--> 追尾风险（权重=1.0000，来源=CASE） || 时间段(凌晨) --INCREASES_ACCIDENT_RISK--> AccidentRisk（权重=0.2980，来源=SHAP） || 道路类型(高速) --INCREASES_ACCIDENT_RISK--> AccidentRisk（权重=0.2050，来源=SHAP）,历史案例ACC-2025-089：倒地/摔倒，晴，主线，伤亡=未知，路产=无 || 历史案例ACC-2025-100：倒地/摔倒，晴，主线，伤亡=未知，路产=无 || 历史案例ACC-2025-030：侧翻/翻车，晴，主线，伤亡=无人员伤亡，路产=无,深夜/夜间时段；高速公路主线；电动自行车进入高速；倒地/摔倒事件类型,ok,ok
ACC-2026-066,2,高,中,中,低,中,低,中,中,1.75,0.515,0.633808,0.388932,0.34497,0.25,0.25,ACC-2025-088;ACC-2025-063;ACC-2025-051;ACC-2025-010;ACC-2025-053,1.0000;0.8024;0.7714;0.7197;0.6874,3,3,知识图谱：道路类型(高速) --INCREASES_ACCIDENT_RISK--> AccidentRisk（权重=0.2050，来源=SHAP） || 知识图谱：客车 --INCREASES_ACCIDENT_RISK--> AccidentRisk（权重=0.1760，来源=SHAP） || 知识图谱：时间段(晚高峰) --INCREASES_ACCIDENT_RISK--> AccidentRisk（权重=0.1340，来源=SHAP）,历史案例ACC-2025-088：车辆火灾/冒烟，晴，主线，伤亡=无人员伤亡，路产=无 || 历史案例ACC-2025-010：车辆火灾/冒烟，晴，主线，伤亡=无人员伤亡，路产=无 || 历史案例ACC-2025-053：碰撞/侧碰/刮蹭，晴，主线，伤亡=未知，路产=无,道路类型为高速，增加事故风险（权重0.2050）；参与者类型为客车，增加事故风险（权重0.1760）；时间段为晚高峰，增加事故风险（权重0.1340）；事件类型为驾驶员健康事件，涉及单车小客车,ok,ok
